name,date,venue,price,time,url,description,tags,status,notes
Fear Fair,all month,Sign Bar,$15,varies,,"""Spine-chilling haunted maze experience"" that ends in cocktails",,,
The Nightmare Before Christmas Light Trail,all month,Lady Bird Johnson Wildflower Center,$27-$67+,varies,,Walk through Nightmare Before Christmas-themed decorations + lights,,,
Moe's Tavern Pop-Up,all month,Nickel City,free,varies,,Nickel City gets into costume season w/its annual Simpsons-themed makeover as Moe's Tavern,,,
spooky movies,all month,Hyperreal Film Club,$8+,varies,,Hyperreal serves up a mix of Halloween classics + curated lesser known horror flicks all month long,,,
Haunted Shores,all month,Volente Beach,$15,varies,,"Check out spooky scenes along the lakeshore via a boat or foot, w/photo ops + themed cocktails",,,
Black Lagoon Pop-Up,all month,King Bee,free,varies,,"""An immersive, creepy-as-hell, cocktail expeirence"" in a dungeon, costumes encouraged",,,
Frankenstein's Cocktail Bar,all month,Wanderlust Wine Co.,$20+,varies,,Bar that's been intensely decorated by a mad scientist complete with cocktails in beakers w/photo ops + tarot,,,
Twisted Carnival,all month,Gibson St. Bar,free,varies,,"Drink spooky themed cocktails amidst creepy carnival decorations. ""Never trust anyone at the carnival"" they say...",,,
Texas Pumpkin Patch,all month,"8760 FM 2243, Leander",$15,varies,,"A pumpkin patch with its own breathless commercial touting live music, pony rides, petting zoo, + lotsa family friendly stuff",,,
House of Torment,all month,2632 Ridgepoint Dr,$20+,varies,,"A big scary house with actors in costume ready to deliver jumpscares, plus escape games + axe throwing",,,
Pumpkin Nights,all month,Pioneer Farms,$22+,varies,,A wide array of large-scale haunted themed outdoor scultpures + Instagram photo ops,,,
Bat City Scaregrounds,all month,"14101 South Turnersville Road, Buda",$28+,Thurs-Sun,,"A compound of immersive frights including multiple haunted houses, live music, horror-centric celebrity appearances, + vendors",,,
Escape from Lydia's Hollow,Wed 10/1,The WCP Student Activity Center,$13,varies,,"A werewolf escape room ""tailored to your level of horror"" w/jumpscares from live actors (if that's your level)",,,
,Thu 10/2,,,,,,,,
Halloween Movie Night + Pumpkin Painting,Thu 10/2,Meanwhile Brewing,free,6pm,,Watch a classic Halloween flick outdoors + paint a pumpkin or two,,,
,Thu 10/9,,,,,,,,
,Thu 10/16,,,,,,,,
,Thu 10/23,,,,,,,,
,Thu 10/30,,,,,,,,
Pumpkin Carving Night,Thu 10/2,The Little Gay Shop,$15,6:30-9pm,,Carve the best pumpkin (BYOP or buy there) to win a gift card,,,
The Galactic Salon: Spectre,Thu 10/2,Kick Butt Coffee,$15,7pm,,"Burlesque performers + live readings of spooky tales ""by both dressed, + somewhat undressed readers""",,,
Cobweb Cabaret,Thu 10/2,The State Theatre,$33,8:30pm,,"Spooky + glam-inspired burlesque troupe promises ""the finest showghouls around""",,,
Weird Science Theater,Thu 10/2,Elysium,$9,9:30pm,,Drag performers inspired by body horror film The Cell,,,
Scare for a Cure: Mind Crawlers,Fri 10/3,Old West Market,$40+,varies,,Support charities by getting creepy with strange people who seem to be affected by brain worms. How 2025!,,,
,Sat 10/4,,,,,,,,
,Fri 10/10,,,,,,,,
,Sat 10/11,,,,,,,,
,Thu 10/16,,,,,,,,
,Fri 10/17,,,,,,,,
,Sat 10/18,,,,,,,,
,Thu 10/23,,,,,,,,
,Fri 10/24,,,,,,,,
,Sat 10/25,,,,,,,,
Halloween Opun Mic Night,Fri 10/3,Coldtowne,free,5:30pm,,"Take the stage yourself w/Halloween-themed puns, improv, + other forms of comedy",,,
Meow-lloween Movie Night,Fri 10/3,Purrfecto Cat Lounge,$41,7:20pm,,Cuddle adoptable kitties while watching a spooky film,,,
,Fri 10/17,,,,,Cuddle with adoptable kitties while watching a spooky film,,,
,Fri 10/24,,,,,Cuddle adoptable kitties while watching a spooky film,,,
Freaky Fridays,Fri 10/3,Double Trouble,free,8pm,,Backyard spooky films curated by noted VHS collector + they're throwing in free popcorn,,,
,Fri 10/10,,,,,,,,
,Fri 10/17,,,,,,,,
,Fri 10/24,,,,,,,,
,Fri 10/31,,,,,,,,
Halloween/ACL Art Market,Fri 10/3,Propaganda HQ,free,6-10pm,,"Halloween + ACL-inspired art inside, vendors outside",,,
Welcome to Dogwarts,Sat 10/4,The Watering Bowl,free,10am,,"Local dog park reimagines itself as a Harry Potter locale w/vendors, costume contest, + raffle",,,
Halloween Bazaar,Sat 10/4,"Ruiz Branch, Austin Public Library",free,12-3pm,,"Carnival games, family-friendly Halloween crafts, face painting, + don't forget the treats",,,
Inferno,Sat 10/4,We Luv Video,$5,7pm,,Watch a classic film from Italy's master of phantasmagorical horror while surrounded by VHS tapes,,,
Jane of the Dead,Sat 10/4,Fallout,$16,7pm,,Local Jane Austen-themed improv troupe throws zombies + cryptids into the 19th century mix,,,
,Sun 10/5,,,6pm,,,,,
,Sat 10/11,,,7pm,,,,,
,Sun 10/12,,,6pm,,,,,
,Fri 10/31,Coldtowne,?,8pm,,,,,
Cult Classics,Sat 10/4,Laché Movement Co.,donation,7pm,,"A ""monstrous squad of pole performers"" + aerialists and acrobats also inspired by cult horror monsters",,,
Dark Ritual,Sat 10/4,Captain Quack's,free,7pm-12am,,DJs spinning Goth / Post-punk + Darkwave w/accompanying visuals,,,
20th Century Goth Club,Sat 10/4,Elysium,,9:30pm-2am,,"At a 20th century goth dance party, someone once sung ""I dress this way just to keep them at bay coz Halloween is every day""",,,
Tim Burton Drag Tribute,Sun 10/5,Ani's Day + Night,$10,1pm,,"Tim Burton inspires the ""best of the best alt drag in tejas has to offer"" w/vendors + DJ",,,
Re-Animator,Mon 10/6,The Paramount,$35+,7pm,,Celebrate the 40th anniversary of 80s horror classic film w/screening and Q+A w/actors from the film,,,
Monday Night Jammie Jam: Haunted House Party,Mon 10/6,Kick Butt Coffee,$11+,7:45pm,,Slumber party + Halloween ghoulishness-themed burlesque + variety performers,,,
Greetings from Queer Mountain Witchy Spirituality Night,Wed 10/8,Cheer Up Charlie's,,8pm,,"Storytelling, tarot, + performances by local witchy queer folks",,,
Elvira: Mistress of the Dark,Wed 10/8,Double Trouble,free,8pm,,"Watch horror hostess Elvira's turn on the silver screen accompanied by drag, trivia, + popcorn",,,
Trick or Treat Yourself,Thu 10/9,Vinyl Beauty Bar,free,7-10pm,,"Vinyl DJs spinning spooky tunes w/chair massages, manicures, hair styling, + ""witch hat craft station""",,,
The Rocky Horror Picture Show 50th Anniversary,Thu 10/9,The Long Center,$44+,8pm,,Watch the ultimate cult movie in costume w/provided interactive props + an original castmember,,,
Neon Rainbows' Haunted Hoedown,Thu 10/9,Elysium,$20,8pm,,"""BOO-scootin boogie"" comes to Elysium w/linedancing lessons, drag, + ""cowboy go-go dancers""",,,
Witch Fest,Fri 10/10,Ani's Day and Night,free,6-10pm,,"Which fest? This one w/fire dancing, live music, + ""magical vendors""",,,
Austin Horror Film Festival,Fri 10/10,29th St. Ballroom,$13-$83+,6pm-2am,,"Fest of horror shorts + feature films about creepies, crawlies, werewolves, + a murderous armadillo puppet",,,
,Sat 10/11,,,12-9pm,,,,,
Speak No More: Contagion,Fri 10/10,Independence Brewing,$30,8pm,,Site-specific immersive performance inspired by sci-fi horror classics like Alien + John Carpenter's The Thing,,,
,Sat 10/11,,,,,,,,
,Sun 10/12,,,,,,,,
,Fri 10/17,,,,,,,,
,Sat 10/18,,,,,,,,
,Sun 10/19,,,,,,,,
,Fri 10/24,,,,,,,,
,Sat 10/25,,,,,,,,
,Sun 10/26,,,,,,,,
,Fri 10/31,,,,,,,,
,Sat 11/1,,,,,,,,
,Sun 11/2,,,,,,,,
Scream Queens Halloween Drag Show,Fri 10/10,St. Elmo South,free,8pm,,Louisiana Purchase-led spooky drag show w/spooky DJ,,,
Pastel Halloween,Fri 10/10,Elysium,$10,11pm,,Dress up in costume to watch pastel-colored drag performers + monsters,,,
Halloween Costume and Thrift Sale,Sat 10/11,Memorial United Methodist Church,free,11am-6pm,,"Buy a secondhand Halloween costume + save the planet, man",,,
,Sun 10/12,,,,,,,,
Austin Witches Market,Sat 10/11,Cosmic Saltillo,free,6-10pm,,"Tis the season for witchy vendors, Austin Witches Mareket is here year round but in October they hit their stride",,,
,Sun 10/12,Radio East,,12-4pm,,,,,
,Sat 10/18,Brewtorium,,,,,,,
,Sat 10/25,Drinks Backyard,,6-10pm,,,,,
,Sun 10/26,Far Out Lounge,,,,,,,
Living Funeral Ceremony,Sat 10/11,,$50-$100,2-4:30pm,,Embrace your own mortality in a gentle supportive environment,,,
Scary Movie,Sat 10/11,We Luv Video,$5,7pm,,Watch a cult horror film made in Austin in 1991 + stay for a Q&A with the director,,,
Pet Sematary + Hausu,Sat 10/11,The Paramount,$12,7pm,,Louisiana Purchase presents Japanese + American horror favorites,,,
BOOty Bash,Sat 10/11,Capt. Quack's,$32,8pm,,"""A petrifying party of pasties"" w/spooky burlesque performers, contests for best costume + best screaming",,,
Los Muertos,Sat 10/11,Elysium,$10,9:30pm,,"DJs of Latin/Hispanic heritage play goth + darkwave tunes in Spanish or by Latin/Hispanic artists + also ""goth salsa dancing""",,,
Trick or Treat,Sat 10/11,Oddwood Brewing,free,9pm,,Watch a 1980s heavy metal-themed slasher flick + enjoy happy hour and dollar snacks,,,
Nevermore,Sat 10/11,Empire,$15,9pm,,"Scant details available but apparently a Poe-inspired dance party w/goth, darkwave, + industrial tunes",,,
Little Gay Shop of Horrors,Sun 10/12,Distribution Hall,free,11am-5pm,,Little Gay Shop-curated vendors w/free drinks + a doggy costume contest,,,
Pumpkin Painting with Goats,Sun 10/12,The Hive,$26,2-3:30pm,,Painting a pumpkin paired with some adorable farm critters,,,
Trunk or Treat,Sun 10/12,3600 Lyons,free,5-9pm,,Decorate your trunk + wear a costume to win prizes,,,
Short Film Horror Showcase,Mon 10/13,29th St. Ballroom,$12,8pm,,"The films are horror-themed + short, the filmmakers are Texan + of varying heights",,,
Nightware on Elm Street,Mon 10/13,Kick Butt Coffee,$11+,8:30pm,,Spooky burlesque performers will haunt your dreams,,,
Pumpkin Painting with Cats,Tue 10/14,Purrfecto Cat Lounge,$49,6:30pm,,Paint a pumpkin while surrounded by rescue cats. All errant cat hairs provided free of charge,,,
Local Queer Witchcraft Night,Tue 10/14,Wheatsville S. Lamar,,6:30pm,,Craft up some spooky wooden houses while watching Halloweentown,,,
Ghost Story Open Mic,Tue 10/14,Tiny Minotaur,$5,7pm,,Bring your creepiest ghost stories to regale the audience or just enjoy the show,,,
(SPF 1000) Vampire Sunscreen Live Taping,Thu 10/16,The Vortex,free,5pm,,Live taping of a podcast about the darkness inside us all,,,
Egg Party Presents AHHHHHHHHHHH,Thu 10/16,Fallout,$22,7pm,,Wear your Halloween costume to check out some Halloween-themed sketch comedy,,,
,Fri 10/17,,,8:30pm,,,,,
,Sat 10/18,,,7pm,,,,,
,Sun 10/19,,,,,,,,
An American Werewolf in London,Thu 10/16,The Paramount,$25+,7pm,,Watch this 80s classic werewolf film that will have you questioning your international travel choices,,,
Queer Film Theory: Scream Queens,Thu 10/16,The Highball,,7pm,,"“Basically, we ruin films for straight people + yell about the characters that made us feel gay”",,,
Junji Ito Drag Show,Thu 10/16,The Highball,free,9pm,,Drag performers inspired by cult manga artist Junji Ito's bizarre horror works,,,
Noxx's Nightshade Nerdlesque: Silver Screams,Fri 10/17,Showpony Lounge,$14,7:30pm,,Nerdlesque performances inspired by nerdy horror flicks,,,
Jack-O,Fri 10/17,We Luv Video,$5,7:30pm,,"Watch a nostalgic 90s horror flick involving witchcraft, a babysitter, + a ""pumpkin headed wielding murder guy""",,,
Goblintown,Sat 10/18,Tiny Minotaur,$13,12pm-12am,,"Summon yr inner goblin w/goblin-themed storytelling, face painting, goblin ear workshops, live music, tarot, costume contest",,,
Cannibal! The Musical,Sat 10/18,We Luv Video,$12,5pm,,"Genre film popup, free BBQ that probably isn't human meat, + screening of South Park creators' cannibal-themed musical",,,
Freaks of Clay,Sat 10/18,Feats of Clay Pottery,$5,6-9pm,,"Vendor night market, tattoos, carnival games, photo booth, costume contest, performance art, + pottery demos",,,
Scared Silly,Sat 10/18,Collection Rert,free,6-9pm,,Art show w/local artists tackling spooky subject material,,,
The Bloody Ball: A Vampyre Soirée,Sat 10/18,The Vortex,$50,7pm-1am,,"Glam-themed ball w/a blood-red carpet, live music, DJ, themed drinks, + vampyric dress code",,,
Coven Academy,Sat 10/18,Dottiewood Studios,$47,8pm-1am,,All-femme witch school-themed costume / rager / dance party,,,
Théâtre des Vampires,Sat 10/18,Elysium,$28,9:30pm-2am,,"Vampire ball w/live music, DJs spinning vampiric tunes, burlesque performers, vendors, + costume contest",,,
The Twilight Saga Drag Tribute,Sat 10/18,Cheer Up Charlie's,$10,10:30pm,,Drag performers pick a Twilight character to evoke for a night of werewolves + shiny vampires,,,
Girls Rock Austin Trunk-or-Treat Showcase,Sun 10/19,The Far Out Lounge,$10,12-4pm,,"Seasonally appropriate live music, tarot, costumes, crafting, orgs, + ""typewriter rodeo""",,,
Día de los Muertos Market,Sun 10/19,Gabriela's South,free,12-4pm,,Check out vendors inspired by Día de los Muertos + oftrenda,,,
Handmade Costume Yard Sale,Sun 10/19,Coco Coquette,free,12-5pm,,Buy a handmade costume from a costume vendor instead of going to Spirit Halloween,,,
Howloweek Spooktacular,Sun 10/19,High Noon,,4-7pm,,"Costume contest, giveaways, + ""all the bulldog cuddles you could want""",,,
Subculture Swap,Sun 10/19,Double Trouble,,7-11pm,,"Watch a high school horror movie, paint pumpkins, + check out vendors and art",,,
Vampire Hunter D: Bloodlust,Mon 10/20,We Luv Video,$5,7pm,,Watch the second bloody anime about a vampire hunter with a sidekick who is just a talking mouth in his actual hand,,,
Ivanna's House of Horrors,Mon 10/20,The Vortex,,9pm,,"Spooky drag performances w/costume contest, ""screaming guaranteed""",,,
Hocus Pocus Watch Party,Wed 10/22,St. Elmo Brewery,free,7pm,,Outdoor screening of the witchy classic spooky season standby film,,,
Welcome to Night Vale: Murder Night in Blood Forest,Wed 10/22,The Paramount,$25+,8pm,,Live recording of popular horror / mystery-themed podcast,,,
Blood in the Dark,Thu 10/23,Sekrit Theatre,$5,7pm,,"Secret tba 80s vampire flick played in a ""secret"" outdoor space that only occasionally hosts public events these days",,,
UNDEAD Haunted House of Dances,Thu 10/23,East Side Performing Arts,$35+,7pm,,"""Immersive, adults-only Halloween show"" featuring theater + dance performers",,,
,Fri 10/24,,,,,,,,
,Sat 10/25,,,6pm and 8pm,,,,,
,Wed 10/29,,,7pm,,,,,
,Thu 10/30,,,,,,,,
,Fri 10/31,,,6pm and 8pm,,,,,
Nerd Nite: A Bloody Great Halloween Show,Thu 10/23,Barrel O' Fun,,7:30,,Hear nerdy high-caliber talks on a variety of spooky topics,,,
The Last Séance of Harry Houdini,Thu 10/23,Flower Hill Center,$25,8pm,,"""Conjure the spirit of Harry Houdini"" in an immersive theatrical séance",,,
,Fri 10/24,,,,,,,,
,Sat 10/25,,,,,,,,
,Sun 10/26,,,,,,,,
,Wed 10/29,,none,,,,,,
,Thu 10/30,,$25,,,,,,
The Nightmare Before Christmas,Fri 10/24,Community First! Village,free,6:30pm,,Watch a classic Halloween flick + support homes for people experiencing homelessness,,,
All Souls Cabaret,Fri 10/24,Austin Playhouse,$35,7:30pm,,"Five cabaret singers performing ""songs of murder, mayhem, + malevolence""",,,
,Sat 10/25,,,,,,,,
,Sun 10/26,,,6pm,,,,,
Sinners Dinner + Drag Night,Fri 10/24,near North Loop,$10,8pm,,"Costume contest, drag performers, tattoos, + vendors w/ ""vampy attire encouraged""",,,
Glaze Zine Classic Whorror: Villain Era,Fri 10/24,Cheer Up Charlie's,$8,9pm,,"""Darkly glamorous collision of live music, burlesque, + DJ sets""",,,
Ozzy Halloween Party,Fri 10/24,Vinyl Beauty Bar,$20,9pm,,"Live band covering Ozzy Osbourne & Black Sabbath tunes, DJ, + haunted house. Just stay away from bats please",,,
Pet-tober Fest,Sat 10/25,The Domain,free,10am-4pm,,"Live music, DJ, demos, vendors, pet rescues, pet costume contest + ""poodle parade""",,,
Día de los Muertos Afternoon Tea,Sat 10/25,Tiny Minotaur,$70,12-3pm,,"Ofrenda, plus high tea food + libations w/communal seating",,,
Pumpkin Carver,Sat 10/25,The Carver Museum,free,12-3pm,,"Carve pumpkins at the Carver museum w/family activities, live goats, goodie bags, + costume contest",,,
Howl-o-ween,Sat 10/25,Lefty's Brick Bar,free,3-5pm,,Come to Halloween-decorated bar with your furry friend to compete in their pet costume contest,,,
,Sun 10/26,Yard Bar,,1pm,,"Dog costume contest, vendors, + silent auction",,,
Night of the Living Artist,Sat 10/25,Tin Whistle Gallery,free,5:30-10pm,,"Bands, vinyl DJs, + Halloween inspired art show",,,
Mercado Sábados,Sat 10/25,Mercado Sin Nombre,free,5-9pm,,Vendors inspired by Día de Los Muertos,,,
Zenith Markets Halloween Party,Sat 10/25,Tillery Plant Co.,free,6-10pm,,"DJ, tattoos, vendors, free drinks, + interactive experiences",,,
The Austin Séance,Sat 10/25,Nocturna,$35,6pm and 8pm,,Take part in a Victorian-style séance + learn about their history,,,
,Thu 10/30,The Vortex,,7:30pm,,,,,
,Fri 10/31,,,7:30 + 9:30pm,,,,,
,Sat 11/1,,,7:30 and 9:30pm,,,,,
,Sun 11/2,,,7:30pm,,,,,
Fangoria Horror Trivia + Screening,Sat 10/25,We Luv Video,$10,7pm,,"Fangoria-curated film screening, costume contest, + trivia",,,
Bat City Bombshells: Tits-or-Treats Burlesque,Sat 10/25,Come and Take It Live,$28,7pm,,"Traditional burlesque performers inspired by ""ghouls, glamour, + a touch of gore""",,,
Dragonwolf Art Explosion Halloween,Sat 10/25,4211 Todd Ln.,$59,7pm-2am,,"""Big dance floor,"" DJs, vendor, circus performers, immersive experiences, + art installations",,,
The Clash of the Titans,Sat 10/25,Pan-Am Park,free,7:30pm,,"Bat-friendly costumed Halloween parade complete with brass band, costume contest, + afterparty",,,
The Eternal Affair,Sat 10/25,south Austin,sold out,8pm-1am,,"Multiple category costume contest, immersive murder mystery, + DJs",,,
The Rocky Horror Picture Show,Sat 10/25,Little Drinks Lounge,,9-11pm,,Costume-clad Rocky Horror screening + singalong,,,
Femme Fatale,Sat 10/25,Cheer Up Charlie's,,9pm,,"""Femme lesbian horror realness"" w/Halloween-inspired acts + blood wrestling",,,
Electronic Voice Phenomenon Lab Workshop,Sun 10/26,Nocturna,$20,11am,,Learn all about + experiment with electronic recordings of mysterious (ie potentially spooky) voices around us,,,
StrawFest,Sun 10/26,Umlauf,free,11am-4pm,,"Family-friendly games, crafts, costume parade, pumpkin decorating, face painting, ""straw pit,"" + ""spider web maze""",,,
Drag Me to the Candy,Sun 10/26,Ani's Day and Night,free,12-10pm,,"""Haunted drag show,"" vendors dressed in costumes, candy giveaways, human + pet costume contests, + trick or treating",,,
All Hallow's Eve,Sun 10/26,Commodore Perry,$65,4-7pm,,"Wander an ornate estate festooned in spooky gourds + candy cauldrons, w/live music, palm readers, face painting",,,
The Living Dead Girl,Sun 10/26,We Luv Video,$5,6pm,,"Watch a film about ""lesbian vampires that are kinda also zombies and French and sad""",,,
Queer & Trans Trunk or Treat,Sun 10/26,Ani's Day and Night,free,6:30-9pm,,"""Make your trunk a serve"" for best decorated contest, plus vendor market",,,
Marionette Mayhem,Mon 10/27,The Vortex,$15+,6pm,,Get creepy with some puppets from local + touring puppeteers,,,
Scary Stories,Mon 10/27,Meanwhile Brewing,free,6-8pm,,Storytelling night focused on scary stories that go bump in the night,,,
Swalloween,Tue 10/28,Barbarella,,10pm,,"""Costume mandatory"" edition of Barbarella's Tuesgayz party",,,
The Crystal Awakening,Wed 10/29,Mesmerize,$16,varies,,"A spooky immersive experience involving crystals, dreams, + pulsing lights",,,
,Thu 10/30,,,,,,,,
,Fri 10/31,,$20,,,,,,
,Sat 11/1,,,,,,,,
,Sun 11/2,,,,,,,,
Dog Pawrty + Costume Contest,Wed 10/29,Meanwhile Brewing,,6-10pm,,"Dress up your pooch for fun + prizes, plus dog-themed vendors, Frankenweenie screening, + tarot for dogs",,,
The Rocky Horror Drag Show,Wed 10/29,Hotel Vegas,$16,6:30 + 9:30pm,,Watch the Rocky Horror Picture Show w/a shadow cast of drag performers,,,
Halloween,Wed 10/29,The Paramount,$12,7pm,,Beloved Austin filmmaker Robert Rodriguez presents the classic slasher film that made Jamie Lee Curtis a household name,,,
The Crimson Cabaret,Wed 10/29,Speakeasy,$18,7pm,,"""An evening of vampiric burlesque + gothic glamor""",,,
The Boyz of Austin Annual Halloween Spooktacular,Wed 10/29,Elysium,$9,10:30pm,,"""Drag King + gender diverse"" burlesque performers inspired by Halloween spookiness",,,
Ofrenda Workshop,Thu 10/30,Zilker Botanic Garden,$30,4pm,,Learn about the Día de los Muertos tradition of ofrendas + how to make your own,,,
Día de los Muertos,Thu 10/30,The Cathedral,$31,6:30-10pm,,"Día de los Muertos-inspired decorations, live music, ofrenda, raffles, + poetry",,,
,Sat 11/1,Pan Am Park,free,2-6pm,,"Alcohol-free, family friendly Día de los Muertos party w/Ofrenda, vendors, art installations, + live music",,,
,Sat 11/1,Moody Amphitheater,,6pm,,"Ofrendas, live music, DJs, live dance perrformances, ""family friendly art + cultural activities"" and vendor market",,,
,Sun 11/2,allgo,,4-7pm,,"""Queer ancestor"" ofrenda, performers, + ""pan de muerto""",,,
,Sun 11/2,Moody Amphitheater,,6pm,,"Ofrendas, live music, DJs, live dance perrformances, ""family friendly art + cultural activities"" and vendor market",,,
OUTsider's Monster Bash,Thu 10/30,The Museum of Human Achievement,$33,7-10pm,,"Drag performers, monsters, + singers ""celebrating our queer + monstrous selves"" plus costume contest",,,
The VVITCH,Thu 10/30,Jester King,$22,7pm,,"""Join our herd of 74 goats for a dark and spooky night"" + watch a recent goat-themed horror flick",,,
Are You Afraid of the Dark? Pole + Aerial Variety Show,Thu 10/30,Swan Dive,$41,7pm,,Sinister pole + aerial performances inspired by spooky season,,,
Horrorween,Thu 10/30,Vigilante Gastropub + Games,,7pm,,Horror-themed nerdlesque performances,,,
A Killer Affair,Thu 10/30,Kenny Dorham's Backyard,,7pm,,"Dexter-themed party w/pole performers, games, + costume contest",,,
Soul / Alma,Thu 10/30,The Long Center,$7,7:15pm,,"Poetry readings borrow from the spooky season traditions of Ireland, Mexico, + Texas",,,
Malum Malus Burlesque: Samhain,Thu 10/30,The Vortex,$15,8pm,,"Samhain-themed ""occult-based burlesque performance art""",,,
,Fri 10/31,,,,,,,,
,Sat 11/1,,,,,,,,
Mu! Ha! Ha! Storytime!,Thu 10/30,Radio Coffee + Beer,free,,,"""A spooky storytelling game show hosted by Sonic the Hedgehog""",,,
Banned Bodies Zombie Prom,Thu 10/30,13th Floor,$10,9pm,,,,,
The Best Little Whorror House in Texas,Thu 10/30,Elysium,$10,10pm-2am,,,,,
Halloween Freakend,Fri 10/31,Far Out Lounge,$81+,5:00 PM,,Killer lineup of local + out of town bands booked by the Levitation folks,,,
,Sat 11/1,,$49+,,,,,,
Trick or Treat on the Trail,Fri 10/31,Healing with Horses Ranch,,5-7pm,,Meet some friendly horses in costumes while you trick-or-treat + check out vendors,,,
St. HELLmo,Fri 10/31,St. Elmo Brewing Co.,free,5-11pm,,"DJs, costume contest, horror movie screenings, + bloody themed cocktails and Jell-O shots",,,
The Night Owl Spirit Social,Fri 10/31,29th St. Ballroom,$50+,5pm-12am,,,,,
Ghisallo Cycling Trick or Treat on the Trail,Fri 10/31,Boggy Creek Greenbelt,free,6-8pm,,"Trick or treat in the park for a safe, car-free environment, + ""monster mash blacklight dance party""",,,
Haunted Hotel,Fri 10/31,Hotel Vegas,$16,6pm-2am,,"Live bands, costume contest, + costumed karaoke",,,
Yeehawloween,Fri 10/31,The Carpenter Hotel,free,7-10pm,,"DJ spinning country tunes, drag, two-stepping, + ""partner costume contest""",,,
Early w/ DJ Mel,Fri 10/31,3Ten at ACL Live,$15,7-11pm,,DJ Mel's early night dance party but this time it's got costumes + pizza,,,
Halloween Block Party,Fri 10/31,301 Chicon,,7:30-11pm,,"""One night, one building, multiple costume contests!"" w/films, tattoos, tarot, + ""bite of a surprise""",,,
Hallowed Graves,Fri 10/31,Sterling Stage Austin,,8pm,,"Burlesque performers dig up some great ideas for ""a boneyard burlesque extravaganza"" that goes heavy on the graves",,,
Wish You Were the Moon,Fri 10/31,Regal Rooms,$25,8pm,,"""Haunted halloween performance of Dark Side of the Moon"" w/costume contest + DJ",,,
Ghost Almanac,Fri 10/31,Millennium Youth Entertainment Complex,$20,8pm,,"Vintage silent horror films re-soundtracked by live synthesizer enthusiasts, ""demon dancers"" + ""unholy drummers""",,,
Halloween Party feat. Tear Dungeon,Fri 10/31,The 13th Floor,$25,8pm-2am,,"Live bands who like costumes, vinyl DJ, + cash prize costume contest",,,
Night of the Living Legends,Fri 10/31,Haus of Talents,$23,8pm,,"Celebrity lookalike-themed costume party w/costume karaoke, contest, + 80s/90s hip hop tunes",,,
Wonderland Burlesque Halloween Bash,Fri 10/31,Coldtowne,$49,8pm,,"Halloween-themed burlesque, comedy, karaoke, vendors, costume party, + DJ after party",,,
Halloween Critical Mass,Fri 10/31,Parque Zaragoza,free,8pm,,Convivial convoy of wheeled vehicles of all sorts gets spooky w/costume contest + other prize laden games,,,
Claudio Simonetti's Goblin + Deep Red,Fri 10/31,The Paramount,$30+,8:00 PM,,Italian prog horror soundtrack masters perform the soundtrack of giallo classic Deep Red live with the film,,,
Surrealist Samhain,Fri 10/31,Propaganda HQ,$40,8pm-5am,,Surrealism-themed late night dance party w/lots of DJs,,,
The Unbuzzed Club Halloween Party,Fri 10/31,Sans Bar,$20,8pm-12am,,"Have a ""sober + spooky"" Halloween w/DJ, photo booth, tarot, + costume contest",,,
Rhythm + Boo'z,Fri 10/31,Millennium Youth Entertainment Complex,$10,9pm-1am,,Wear your Halloween costume for adult skating w/lots of killer vinyl DJs,,,
Darkwave Disko,Fri 10/31,Elysium,$13,9pm-2am,,Austin's lovers of all things modern darkwave get especially spooky for Halloween tidings,,,
Whiplash ATX,Fri 10/31,Chess Club,$17,9pm-2am,,"Live darkwave bands, drag horror + pole performances, plus particularly spooky DJs",,,
Vampire Ranch,Fri 10/31,Justine's,,10:30 PM,,,,,
Blade Rave,Fri 10/31,High Noon,,,,"Re-enact one of the bloodiest dance parties in film history w/DJs spinning techno, costume contest, lasers n fog machines",,,
Viva la Vida,Sat 11/1,4th St. + Congress Ave.,free,12-6pm,,"Celebrate Día de los Muertos with parade, street fest, ofrenda, vendors, traditional food + dance",,,
Muertos Days,Sat 11/1,Cenote,$10,6pm,,"""Art, music, + community"" honoring Día de los Muertos w/crafts + open mic spoken word",,,
,Sun 11/2,,$30,,,"""Art, music, + community"" honoring Día de los Muertos w/candle-making, Lotería, + live music",,,
"That's Hot, Horatio",Sat 11/1,Tiger Den,$36+,8pm-12am,,"Campy ""Medieval Y2k Halloween party"" w/costume contest, tarot, crafts, touchable art, ""Medieval insults battle""",,,
Daft Disko,Sat 11/1,Empire,$22,9pm,,"Get tres spooky w/DJs spinning French house, disco, + other francophilic jams",,,
Butch Prom: The Monster Ball,Sat 11/1,Cheer Up Charlie's,$11,9pm,,"""High-camp queer Halloween party"" w/drag kings, DJs, karaoke, costume contest, + arm wrestling",,,
Grave Rave,Sat 11/1,?,?,?,,"Raves are usually in abandoned warehouses, but they are not usually haunted by the spirits of the dead",,,
Outer Heaven Halloween Part II,Sat 11/1,Factory on 5th,$40,10pm,,,,,
